post_id,topic
3,homework2
3,logistics
5,project2
5,homework6
6,project2
6,module1
6,logistics
7,project4
7,homework3
9,module1
9,logistics
9,homework2
10,homework5
10,finalexam
10,project1
11,project2
12,project2
12,homework2
12,midterm1
13,module4
14,finalexam
14,logistics
14,project2
15,homework6
15,homework5
15,midterm2
16,module2
16,midterm1
16,finalproject
17,project1
17,homework4
17,finalproject
19,midterm2
20,homework3
20,project4
21,project3
21,homework2
22,homework3
23,midterm1
23,finalproject
23,module3
24,module3
24,project4
25,homework1
26,module3
26,homework1
28,project4
29,project3
29,midterm1
31,homework5
32,homework6
32,homework2
33,project2
37,lectures
38,module4
38,module1
38,logistics
39,module1
39,project2
40,lectures
40,homework2
41,project2
41,homework4
42,module4
43,project4
43,homework6
43,midterm2
44,homework1
46,lectures
46,homework3
48,module1
49,homework2
50,module1
50,project4
51,module3
51,project4
51,project1
52,lectures
53,finalproject
53,project1
55,module2
55,homework6
56,homework2
57,midterm1
58,homework2
58,project3
58,finalexam
59,module1
59,midterm2
59,project1
60,homework5
60,logistics
61,module1
61,finalproject
62,homework1
62,project4
62,homework4
64,project1
65,logistics
65,finalproject
68,project1
69,homework2
69,homework4
69,module3
70,homework1
70,module3
70,project1
71,finalproject
71,project3
72,module1
73,module4
75,homework6
75,homework1
75,project3
76,midterm2
77,midterm2
78,project1
78,project3
78,midterm1
79,homework4
79,midterm1
80,project1
81,project2
82,project1
83,midterm1
84,homework5
84,homework3
84,midterm1
85,module3
86,homework6
87,project3
87,module1
87,homework3
88,module3
88,lectures
88,module1
89,lectures
90,project3
90,module3
90,module4
94,project1
94,project3
95,module4
97,module2
98,midterm2
98,finalexam
105,finalexam
105,module3
105,homework2
107,project4
109,homework6
109,module1
111,midterm1
111,project3
111,finalexam
113,homework4
114,project1
114,project4
114,homework5
115,finalexam
116,lectures
117,module2
118,midterm2
120,project2
122,homework5
122,project3
122,module4
123,homework1
123,lectures
124,homework2
124,module2
124,homework6
125,logistics
125,finalexam
125,homework2
126,lectures
126,project1
127,midterm1
128,homework3
128,project3
128,homework2
130,midterm2
130,finalproject
130,project4
131,module2
131,project1
132,homework1
132,logistics
132,module1
133,finalexam
133,module3
134,midterm2
134,homework3
134,finalexam
136,finalproject
136,homework3
136,homework6
137,module4
137,project3
137,midterm1
138,homework1
138,homework3
139,finalproject
139,homework4
140,homework3
140,homework5
140,project4
141,homework3
141,project3
142,homework2
142,module1
142,midterm1
143,project2
143,homework1
145,module4
145,module1
145,homework5
146,midterm1
146,module2
147,lectures
147,project2
147,finalproject
148,project1
149,midterm2
149,homework3
150,finalexam
150,module3
150,homework2
153,module4
153,project4
154,project4
156,project3
156,logistics
158,homework2
158,homework3
158,project4
160,module1
160,midterm1
160,homework6
162,homework1
162,lectures
163,logistics
163,module1
164,finalproject
164,project2
165,midterm1
166,project3
168,finalexam
168,homework5
168,module4
169,project4
170,project4
170,module1
170,homework1
171,homework2
172,homework1
172,midterm1
173,project3
174,homework1
174,homework2
175,homework4
176,logistics
178,module2
178,module1
178,project4
179,project4
179,midterm1
181,midterm1
181,module3
182,homework4
182,finalproject
184,homework1
184,project1
185,logistics
186,finalproject
186,module4
186,project2
187,module1
187,finalproject
187,project3
188,module2
188,project2
189,project4
190,project4
190,homework6
191,homework5
192,lectures
192,homework3
192,finalproject
193,homework6
194,homework2
194,module1
194,midterm1
195,logistics
195,project1
195,lectures
196,project1
196,lectures
196,homework2
197,lectures
198,lectures
198,module2
198,project1
199,homework2
201,project2
201,midterm2
201,project4
202,module3
202,homework2
202,project1
203,midterm1
204,project4
204,finalproject
205,module2
206,module1
206,module4
207,midterm2
208,project2
209,logistics
209,project4
210,module4
210,homework4
211,homework5
211,module3
211,module1
212,module3
212,homework6
213,finalproject
213,module2
213,midterm1
214,module1
214,homework2
214,midterm2
215,module3
215,project3
215,project4
216,project3
216,module1
216,homework4
218,project4
218,project2
219,project1
219,finalexam
220,homework5
221,homework1
223,homework1
223,homework2
225,project4
228,homework5
229,project2
230,logistics
230,midterm1
230,project1
231,finalexam
231,module2
231,project2
232,homework5
232,project1
235,homework2
235,homework1
237,homework4
237,finalproject
237,module1
239,homework6
239,homework5
240,homework6
241,module4
241,project2
242,homework2
242,module3
242,module2
245,module1
245,midterm2
245,lectures
246,midterm2
246,module1
246,module4
247,logistics
247,homework6
247,project1
248,homework4
249,homework6
249,logistics
249,module2
250,project1
250,finalexam
251,homework3
251,project2
251,module2
252,module2
252,homework6
253,homework6
253,project4
254,logistics
254,project1
254,midterm1
255,finalexam
255,project2
257,module2
257,module1
258,homework2
259,module1
259,homework1
259,homework5
260,homework5
263,homework3
263,finalproject
263,project2
264,project2
265,project3
265,finalproject
267,homework1
267,module4
268,homework4
269,project4
269,module4
270,homework3
270,midterm2
273,midterm2
273,homework5
274,homework2
274,midterm1
275,homework5
275,homework4
275,project2
276,homework3
276,logistics
276,finalexam
277,homework2
277,midterm1
279,homework4
279,project4
279,project1
280,finalproject
280,project2
281,project3
281,project2
281,project4
283,homework6
283,logistics
284,homework1
286,homework4
286,project2
287,logistics
289,project4
289,midterm1
289,module1
290,project4
291,module1
291,homework6
291,homework1
293,module1
294,homework6
294,homework3
294,project4
296,homework2
296,module1
297,module2
298,project2
298,midterm2
298,project1
299,module1
299,homework5
300,finalexam
300,module4
300,homework6
301,homework3
301,module2
302,homework1
302,lectures
303,module4
303,homework6
304,project2
305,midterm1
305,project1
305,module2
308,homework5
309,homework6
309,module1
309,finalexam
311,project4
311,homework4
312,homework2
314,midterm1
314,logistics
315,midterm2
315,homework3
318,project2
318,midterm1
318,module4
319,project2
319,module2
320,homework1
320,logistics
321,finalexam
321,project1
323,homework1
323,homework4
323,logistics
324,midterm1
325,project1
325,midterm1
326,logistics
326,homework2
327,project3
327,finalexam
329,lectures
329,finalproject
329,module3
330,homework4
330,project4
333,midterm1
333,logistics
333,homework4
335,homework6
336,homework5
338,module4
338,logistics
339,project1
340,project3
340,project4
340,module2
341,homework5
341,homework6
341,project1
342,homework3
342,midterm2
343,homework1
343,module2
345,homework4
345,module3
345,lectures
346,homework1
346,project4
346,project1
348,project3
348,finalproject
348,module3
349,module1
350,midterm2
351,homework5
352,module3
352,project1
352,lectures
353,finalproject
354,homework2
354,homework3
354,project1
355,homework3
355,module1
355,project2
356,homework2
357,homework2
358,module1
358,project1
359,lectures
360,project1
360,lectures
361,module1
361,module2
362,project3
363,midterm2
365,midterm1
365,project4
365,homework6
366,logistics
367,logistics
368,module3
368,logistics
369,module2
369,lectures
371,project3
372,module1
372,project1
372,finalexam
373,project4
375,project3
375,homework1
376,project3
376,lectures
378,finalproject
379,midterm2
380,finalproject
380,homework6
381,homework4
381,midterm2
382,project2
382,homework2
383,homework2
383,logistics
384,module1
385,lectures
386,finalproject
386,homework6
387,project2
387,homework5
388,homework5
388,midterm1
390,module1
390,module3
390,homework3
393,project2
393,module3
394,homework6
394,finalproject
394,midterm1
395,homework5
395,midterm2
396,homework4
398,homework6
398,homework2
399,finalexam
399,lectures
399,project1
403,module3
403,finalexam
404,homework3
404,finalexam
405,homework6
406,homework4
408,project3
408,project1
408,module2
409,homework3
409,module1
409,homework2
411,logistics
411,module1
411,finalproject
412,midterm1
412,homework3
413,homework2
413,homework5
414,module3
414,lectures
415,homework4
415,project4
415,midterm1
416,project3
416,finalproject
417,homework6
417,module3
419,project3
419,project1
420,midterm2
420,midterm1
420,module4
422,finalproject
422,homework6
423,homework2
424,project1
424,logistics
424,midterm1
426,lectures
426,module2
427,midterm2
427,module1
427,midterm1
428,midterm1
429,project2
429,module2
431,finalproject
431,project4
431,homework4
433,homework3
433,lectures
434,module4
434,module2
436,homework1
436,module2
436,homework2
437,module1
439,finalproject
439,module2
441,project1
441,homework1
445,module1
445,homework6
445,finalexam
448,project3
449,project4
449,module3
449,finalproject
450,lectures
450,project2
450,finalproject
451,homework1
451,lectures
451,homework2
452,finalexam
452,homework2
453,homework2
453,project1
453,midterm1
454,finalproject
454,project1
456,project3
457,homework4
457,module2
458,project4
458,midterm1
458,homework6
459,midterm1
460,homework1
460,project2
460,project3
461,homework5
461,midterm1
462,logistics
462,homework2
462,homework6
463,finalexam
463,homework2
464,module1
464,homework4
465,midterm2
465,midterm1
465,logistics
466,midterm2
468,finalproject
469,project3
469,homework1
470,finalexam
470,midterm1
470,module2
471,finalexam
471,midterm2
471,homework4
472,midterm2
474,project2
474,module3
475,finalexam
475,module2
475,module1
476,module3
477,module2
478,midterm2
478,finalproject
479,project1
481,homework1
481,homework5
482,project1
482,module4
482,module1
486,homework4
486,project3
487,project1
487,homework6
488,module2
489,module1
490,finalproject
490,homework1
490,homework6
491,project2
491,homework4
493,module3
493,project1
494,finalexam
494,module2
495,project1
495,finalexam
497,lectures
498,midterm2
498,lectures
498,module2
499,lectures
501,homework1
502,homework3
503,project4
504,homework3
505,project3
506,midterm1
506,finalproject
506,homework1
508,midterm1
511,project3
512,homework1
512,finalproject
513,finalexam
513,logistics
513,project3
514,project3
515,lectures
515,module4
515,finalproject
516,homework2
516,homework3
517,project3
518,midterm2
518,homework6
519,homework2
519,homework4
520,module4
521,project2
521,project4
522,lectures
523,homework4
523,midterm1
523,homework5
524,homework6
524,module2
526,homework3
526,midterm1
530,project3
531,midterm1
531,homework2
532,finalexam
532,midterm1
533,midterm2
533,project3
535,project4
535,homework1
535,project2
539,project4
539,homework3
541,midterm2
542,midterm1
542,project4
545,homework2
545,project2
546,module1
547,midterm1
547,module2
548,midterm1
548,module1
550,homework2
552,project1
552,lectures
552,module3
554,project1
555,homework6
556,homework6
556,project1
557,module1
558,midterm2
558,project4
559,homework4
559,project1
559,finalexam
560,project3
560,module2
560,midterm1
561,module4
562,project3
562,homework2
562,homework4
563,logistics
564,homework3
564,module2
564,homework6
565,project2
565,project1
566,finalproject
566,logistics
566,homework3
567,module1
567,logistics
568,finalexam
568,homework3
568,project4
569,homework5
570,module3
570,project1
571,midterm1
573,midterm1
573,finalproject
573,homework4
574,module1
574,project3
574,midterm2
575,project3
575,project2
575,module1
577,homework2
578,midterm1
578,project2
578,project1
579,homework6
579,finalproject
579,project2
580,midterm1
581,homework4
581,finalexam
582,logistics
584,finalproject
584,homework3
584,lectures
585,homework2
585,homework1
585,project4
586,midterm1
586,module1
587,lectures
587,logistics
589,homework1
589,midterm2
589,midterm1
590,midterm1
590,homework5
590,finalexam
592,project2
592,finalexam
592,module2
593,module3
593,project4
593,homework3
595,logistics
595,homework5
595,project3
596,module2
596,midterm1
596,homework3
597,project4
598,lectures
598,homework2
598,project4
599,homework5
600,module4
600,midterm1
602,homework2
602,project4
602,finalproject
603,logistics
603,midterm1
603,homework1
604,project4
604,module1
604,project2
608,logistics
608,homework5
609,module3
609,homework3
609,project1
610,homework4
610,lectures
610,module1
611,homework1
611,project4
613,module2
615,project1
616,project3
616,finalexam
618,homework2
618,homework6
619,logistics
622,midterm1
622,logistics
622,finalexam
624,finalexam
624,project3
625,homework1
625,homework5
625,logistics
626,homework3
628,project4
628,homework2
628,homework5
629,homework3
630,module1
630,homework2
632,homework6
632,lectures
633,module1
634,module2
634,homework3
634,homework4
635,project1
635,finalproject
635,homework5
636,homework2
636,midterm1
637,finalexam
637,logistics
640,homework6
640,module4
642,finalexam
642,logistics
644,midterm1
647,homework4
648,finalproject
648,homework2
648,module1
649,module1
649,project1
649,midterm2
651,logistics
651,homework6
651,homework1
653,finalproject
653,homework3
653,project3
654,homework3
654,finalexam
654,homework1
655,lectures
655,module2
656,module3
656,project1
656,logistics
659,module1
659,logistics
664,homework4
664,midterm2
664,project1
665,module4
665,midterm1
668,module4
668,homework3
668,lectures
669,homework6
669,project3
669,homework1
670,project4
670,finalexam
670,lectures
671,project4
671,homework3
671,finalexam
672,module1
674,module4
674,homework1
674,midterm2
675,finalproject
675,project4
678,project1
678,homework1
679,midterm1
680,finalproject
680,project2
681,homework4
682,project3
682,homework6
683,logistics
683,midterm2
684,module4
684,homework3
685,homework4
685,finalproject
685,homework5
686,project4
686,homework6
686,project2
688,logistics
689,homework4
690,homework2
690,module4
691,project1
691,midterm2
692,lectures
694,midterm1
695,homework3
695,finalexam
696,homework3
697,logistics
697,module4
697,project3
699,finalproject
700,project3
700,homework3
701,project2
701,homework5
701,homework6
702,homework6
702,logistics
703,logistics
703,homework3
703,project3
705,project3
705,finalproject
705,homework1
706,module2
707,module3
708,logistics
709,project3
709,midterm2
709,lectures
710,module1
710,finalproject
710,project2
711,project4
713,project2
713,module2
713,homework6
714,logistics
714,project4
715,homework6
716,module4
716,project1
717,project4
717,homework1
717,logistics
718,project3
720,homework1
720,lectures
722,module2
723,module4
723,project3
723,homework2
724,midterm1
724,finalproject
725,finalexam
725,homework2
726,project3
726,project2
727,module1
727,module4
728,finalproject
728,module2
728,homework2
729,project4
729,homework3
729,homework6
731,module2
733,homework3
733,logistics
734,module4
736,project1
736,module4
736,homework5
737,logistics
737,module2
737,project1
738,module2
738,midterm2
738,finalproject
739,logistics
739,lectures
740,homework4
740,module1
740,midterm2
741,midterm2
741,module3
741,project1
742,homework2
742,project4
743,midterm1
745,module2
745,project3
745,homework5
746,homework1
746,project1
747,homework3
748,homework2
748,lectures
749,finalproject
749,project4
750,lectures
752,homework6
753,project4
755,module2
755,homework4
756,logistics
757,midterm1
758,homework3
758,project4
758,lectures
761,midterm1
762,homework6
764,homework6
766,homework4
766,homework2
767,homework4
768,project4
768,homework1
770,homework4
771,project1
772,module1
772,module3
773,finalproject
773,homework1
773,homework4
775,homework6
776,logistics
776,finalexam
776,homework5
777,module2
780,midterm1
781,module4
782,midterm1
782,project4
782,project3
783,project2
783,module1
786,homework5
786,project3
788,module2
788,finalexam
789,module4
790,homework4
790,project1
791,homework2
791,module1
792,project1
794,homework6
794,midterm1
795,homework2
796,homework4
796,module3
798,homework3
798,homework5
799,module1
799,midterm1
799,module2
800,logistics
800,project1
800,module1
801,homework3
801,midterm2
801,homework4
802,homework3
802,module2
802,project2
803,finalproject
803,project1
804,finalexam
807,homework2
807,finalproject
807,logistics
808,midterm1
808,logistics
809,homework1
811,finalproject
811,finalexam
811,module3
813,project2
813,logistics
814,homework3
814,project2
815,homework5
817,lectures
817,finalproject
817,project4
818,homework3
818,module2
819,module2
819,midterm1
821,finalproject
822,module2
822,homework5
823,homework2
823,homework5
823,project4
825,module2
825,project4
825,homework5
827,project4
828,module2
829,project2
829,homework4
830,homework6
831,project3
831,homework5
833,homework1
833,homework2
835,finalproject
836,module1
837,logistics
837,project2
837,homework2
838,midterm1
838,module1
839,module4
839,module2
840,midterm2
841,module3
842,module4
842,homework6
842,homework3
843,project4
843,finalexam
843,homework1
844,module3
845,finalproject
845,homework6
845,module2
847,module2
847,homework5
848,project4
848,module3
849,project1
849,homework2
849,finalexam
850,logistics
850,homework6
852,module3
853,module2
853,midterm1
853,homework3
854,module1
854,project3
859,module4
861,homework6
862,logistics
862,module4
862,homework3
864,finalproject
865,module1
865,module3
865,project3
866,homework4
866,module1
866,homework1
867,lectures
867,finalproject
867,module3
869,module2
869,module1
869,homework1
870,logistics
870,project1
871,project4
871,homework5
872,homework3
872,finalexam
872,module4
874,module2
874,homework4
874,homework6
875,project2
875,module2
875,homework4
876,homework3
876,project2
877,homework3
877,module1
878,midterm2
878,homework6
878,logistics
879,homework6
879,homework1
879,project3
880,module3
881,module4
881,module1
881,finalproject
882,homework5
882,logistics
884,homework2
884,module1
884,project4
886,module1
886,lectures
887,project2
887,lectures
890,finalproject
890,homework6
891,project3
892,homework4
893,project1
893,homework5
893,lectures
894,project3
894,homework2
895,project1
896,homework2
898,homework5
898,finalproject
899,project3
899,logistics
900,midterm2
901,module1
902,homework1
902,project3
902,finalexam
903,homework4
903,project2
903,finalexam
906,midterm1
906,midterm2
907,module3
907,finalproject
909,midterm2
909,module4
909,homework6
910,midterm1
910,finalexam
911,finalexam
911,project3
912,project2
913,homework2
913,module4
914,finalexam
914,project1
915,homework5
915,module2
917,finalproject
917,project4
917,homework3
920,homework2
920,project4
921,lectures
921,homework1
921,homework4
922,module2
922,project4
923,lectures
923,project4
923,module2
925,homework3
926,module1
926,homework4
926,project4
927,logistics
927,module2
927,homework4
928,homework4
928,finalexam
928,module3
929,homework3
930,homework5
930,module4
930,homework4
931,homework6
932,module4
934,homework6
934,logistics
934,homework5
935,project1
935,project2
935,finalproject
936,midterm1
936,module2
936,homework4
937,project3
938,module2
938,finalexam
938,midterm2
939,project3
940,homework1
940,finalproject
941,midterm2
942,homework2
942,project1
943,module2
943,finalproject
943,homework2
947,module1
948,homework4
949,module1
950,finalproject
951,homework6
952,lectures
952,module2
952,homework6
953,homework4
954,homework5
954,project3
960,project1
960,module1
961,project4
961,lectures
963,finalexam
963,finalproject
964,homework3
964,finalproject
964,module3
965,module3
965,midterm1
968,homework4
968,module1
969,module3
969,project4
970,homework6
970,lectures
970,logistics
974,project4
974,homework5
974,midterm2
975,homework2
977,module3
978,homework3
979,module2
980,midterm2
981,homework1
981,homework4
982,homework6
982,module2
982,logistics
983,project4
983,logistics
983,midterm2
984,project3
984,project2
984,homework4
985,homework1
985,homework4
988,midterm2
989,homework6
990,module1
990,project4
991,homework2
991,finalexam
992,logistics
992,finalproject
992,homework5
996,homework2
997,homework6
998,project3
998,homework4
998,logistics
999,logistics
999,lectures
